x,y,z,result
3.5402830332407262,-54.71819012074379,-85.24180163894972,16513
40.06797694356487,79.60142585161901,-53.827891930742375,-171682
-51.09043629557961,97.52388777995691,-82.43232269252687,410722
-80.21414165401835,-82.97162401838597,-22.36649574687408,-148860
32.13896807650977,99.30062081913701,-20.872231945475136,-66612
73.42014377455354,19.183051556058643,38.21040591754203,53816
-73.46300709371027,77.42006686180184,-16.71264518342832,95053
-48.21738163594353,-78.8658188512207,74.03173087632487,281521
65.73261921115127,76.40612229743346,-37.63790463555896,-189032
80.54829495870393,15.678373139116175,11.685959324621862,14758
-41.13698186466834,-21.362173912127446,44.257294423248794,38892
-54.226877647208596,-63.87331733479591,-12.824189029113512,-44419
48.95341124586656,-53.269238225543106,-72.79472308668352,189828
67.90002542635605,-47.6441265277155,-96.8735403542188,313390
-26.302450481496308,-47.16063369996184,9.887271427106597,12265
-23.855739199982892,-56.04689869294337,37.585406331147055,50253
-8.882893094618765,-99.38383307076157,30.37611063862039,26817
93.28533432743217,59.02392069291156,-44.863182965876014,-247020
11.135270031684598,-43.09125041656519,94.83939217644144,-45507
95.88489823739155,73.50253736200148,-55.461921271572415,-390884
41.50180625606339,-93.39668513086994,-79.05489041844703,306427
20.60845912582394,75.93130464423476,60.75908465100588,95077
-36.00814221139645,87.09691895038353,-35.374742145977535,110942
72.46063236634751,55.213749607722576,-67.99027410274209,-272017
-13.475273872810007,-33.6492165244442,91.44745252834198,41465
-1.0621995530104584,-77.47716252192707,87.92233075552522,7236
10.349186016054986,-1.5552353795772405,8.396726047299722,-135
-69.03609765170889,-19.20346449454638,-34.9284012142743,-46306
-21.800891550658477,13.112075266350871,34.37553299141675,-9826
41.228669155561306,-60.63808444060959,-58.85710754183617,147144
-12.451067055275061,-44.95992182833386,-81.75486852203117,-45766
9.434414865138123,-51.17632171712414,-53.62384051262779,25891
-83.28642561126239,52.07647606442626,0.2206066017562449,-957
27.360223985677877,32.45900262209446,77.22607777715314,68583
-56.28093254145365,55.34512399004254,44.64647687479041,-139068
41.100387148366536,12.256271837910447,95.71982234570362,48218
-82.09812912939259,-23.316555292898485,17.978555762457546,34415
-11.315168065691552,28.18101454041752,-87.91913269638714,28035
37.198293522084924,25.157766200444783,66.39361384875352,62133
67.16675485507898,-54.53085725386371,56.78110735684791,-207970
-98.0578275893481,18.28703808794492,94.29523847467911,-169089
-97.67757493134614,16.08020010401887,99.46103737707793,-156221
-92.01961635977946,60.67476891647655,82.9600619128482,-463188
69.0376588907076,-11.088278167436357,-19.818213380282174,15171
-33.746013802255305,-44.07802097211473,32.54854745556878,48415
75.04760311735308,-87.01283003716614,-31.55005262604007,206025
22.74146830938801,-47.65879038438463,55.0194072836787,-59632
10.693048120805287,-28.07910163757515,36.47321622241006,-10951
-79.38188975273282,-22.426384268030276,23.58593228167041,41989
41.40786917079936,93.49534614278315,2.9548291800915365,11439
44.028460567483734,-40.071585348492576,52.081419629249496,-91887
-9.607950850893829,1.6806527485699405,-87.89504902796321,1419
65.53716561199045,3.2987561959273677,30.220368325463852,6533
81.74084771471081,59.7396133869307,-42.75209660975177,-208766
83.42989307989177,74.1113432511228,90.33702689368371,558563
-85.66225060082017,82.0730368905815,25.510033122378758,-179350
-87.58453904449763,64.0348003295334,97.02783979309828,-544177
-63.39659346955153,-32.07485275859092,23.661722825965086,48115
-40.771629441960954,37.985780835245436,15.746497063646686,-24387
97.13318876524949,-25.008446992859916,-20.559485416800086,49942
8.953711726711205,-36.261113674816215,43.479108301648836,-14116
2.75375034805829,39.55336304211062,-48.1591358735262,-5245
61.40283622234227,93.53876863932581,46.65342232321794,267956
75.05618462208426,35.37842139243671,-97.10810662987856,-257858
48.9499466337663,14.832546573806965,46.93391508583866,34076
3.3525482428108404,-26.027545594021078,-62.50410801795185,5454
99.58990452267531,-19.397909963446665,53.96975985747275,-104261
63.097742207474965,-58.24669082400409,-81.78601404506473,300583
-29.232801591897655,-25.23013171429784,-23.175818830163976,-17093
-89.02041845361973,15.610626702607604,64.07808260235524,-89047
80.04695294474865,55.02390779499794,75.84869976647715,334075
88.18392200805684,-18.80005350447358,56.23721941892401,-93234
-98.62040966467352,62.31945258180619,45.99693191875497,-282696
-71.79493797989645,-16.23762720595164,89.8093865986936,104698
87.2658284917938,54.28772792034667,39.72345453088238,188188
-0.5415960682096284,-12.0181844642143,87.29882511020517,568
44.62916890451464,8.202125064728037,-15.602579934022458,-5711
4.317661653887825,19.97711062393492,-82.5477833939384,-7120
-59.66562927229986,-35.668494154424636,53.952184381091115,114820
-10.017108224775924,19.01848829191384,-46.68816706800343,8895
0.8544994671039916,-57.99672891712362,10.823226619044576,-536
-8.78374400749371,1.3143077221843527,-60.079423787949125,694
-86.59558638621587,28.918874837295903,-7.08479914558086,17742
36.002295793122784,-11.804940456098606,-47.14342582688653,20036
-88.11960274448526,-80.29125980070214,87.81185641906589,621289
-50.565633378176415,24.438716463182544,85.42182623464137,-105561
-46.28388559414256,77.52088766778215,12.430655107696694,-44601
-89.57521510945163,-42.35217452843321,34.56002018573224,131111
42.77437224967011,11.632528325951426,52.15054894174722,25949
35.45265609263731,63.073231120891506,91.23367960269567,204009
-93.10294799985898,62.73165927932425,-93.26557662239239,544718
-21.06792687044205,-80.67428825176239,61.17759241144273,103980
61.62421813603038,-85.85001125074048,-43.11503288257785,228097
-86.5489661043789,-67.85211151621739,-69.3796243188225,-407434
-43.28144897022423,91.33560500255325,-37.86439689345773,149683
-27.969147641390222,64.32477920149941,-82.849898887527,149056
6.280622891840608,-60.688779076573304,-7.066673238965237,2694
39.03591742019702,-85.15364523658366,36.196871250801166,-120320
-90.22714066976194,-52.547440419050304,41.55727279965788,197032
86.06220667219736,78.82855612163681,36.831494590895545,249871
83.84259419104922,-58.36797289834854,19.47200006888717,-95291
-26.839338477384445,64.98080715033143,-90.12098137276155,157175
92.04776303536545,3.7549015401907866,21.585790739243734,7461
-96.63043423049591,-35.98171475910273,-99.8005232105974,-346999
-96.81348978312516,-89.609399425205,-34.11361031369063,-295949
36.08942304281905,-33.347437524525674,34.28134476093183,-41257
-58.48180951228947,-95.54241376272725,-12.286479391435208,-68651
82.92270977837475,63.24858891863511,26.546026184008056,139227
71.35848570645328,3.777909438186768,10.541778833853542,2842
-11.775972468868517,55.79080089189014,28.487579450802798,-18716
34.40633839561838,45.923604202155275,-27.937994998300766,-44144
-59.77704787282383,61.80359614765959,-71.43098266342068,263897
69.60198983946319,58.40347498194427,15.837377544676073,64379
95.14976721598819,49.209138775093464,-44.802034804833,-209774
15.712775283034475,43.57060168112207,95.80845560523775,65592
-45.438546475042195,80.36174949298592,-76.58381136167671,279647
-94.60837992704663,-56.78839029034073,23.157008306668402,124415
-55.3137762605741,35.85583724019685,26.94340918933169,-53437
10.77754273955567,65.59112106420255,-90.56825757921743,-64024
-31.95284065040063,-81.88158230970654,-94.82637009133259,-248099
3.8811187183312796,-69.61439825104128,-46.11619582595176,12460
-86.31374197432066,-80.19226277184225,47.170021830266904,326496
42.40915216820542,-39.697556732435444,-85.30782892184197,143619
73.21337287292837,-74.70316056446921,-31.312449912497954,171256
-88.01944986825998,11.84993283664862,-47.53834299568738,49584
31.38850050797498,93.11790255006716,79.6210939634366,232719
-31.82011264219713,-0.3840825473654661,-99.58525184744191,-1217
55.83935858807712,-31.16117954759308,-18.76250688470948,32647
-91.8117590141536,76.51571579555934,76.66025231507982,-538542
-14.158808987718288,-2.5182804751707124,6.487666508795314,231
2.517179868241854,84.43141129665582,-55.02263218633763,-11694
-56.106741014266184,23.098662290805862,84.79947988758201,-109899
61.922956318432426,-23.454624137007357,-7.277702149054591,10570
-32.22691479784628,-1.349118551447546,59.235188498150194,2575
-59.59479030638963,-47.181949396881585,36.916219413848324,103801
9.498625702898082,-75.42567999520107,-60.317680172680376,43214
-59.26750644113679,81.74867519051367,28.714632536296875,-139124
-46.602249568044954,87.20326213004469,9.208999330637056,-37424
-38.762584266958974,73.24574711810621,36.59870891588221,-103911
53.21518181576144,34.09554720264131,-84.42648523055168,-153183
-72.10247386592974,-3.514031350599552,70.3451746985111,17823
-50.51054118225338,-67.26987482915516,11.505937514592162,39095
-3.2065549274005463,48.41553369971808,50.63036862538209,-7860
20.431686868708226,11.406294752791695,-10.234785776242703,-2385
-50.1261520819835,47.147533362249476,-12.420569803200053,29354
1.4492118338776692,-11.928462899124057,-4.618590057875721,80
59.91775014428333,16.93922169999344,28.517682480083607,28944
91.38813481578697,88.89432215383101,41.69843592930417,338753
59.84433168561577,16.564601001086984,47.82551591967629,47409
-34.736577896551154,-82.05666096820781,5.56697766361647,15868
-24.21260068385442,-54.382148025767975,13.752660557078556,18109
-97.83838622752113,-45.90125301488912,96.10700480316603,431607
73.50509234514124,50.5030070750997,-52.46477499881115,-194761
-5.279720069642124,39.553144293235874,-32.84643192460324,6859
-47.60765410649454,50.11419632823632,80.31830339327311,-191625
38.67855282553339,56.86746848618813,-85.2793839809769,-187576
45.20499955063448,-8.341930209722094,-76.77475574229082,28952
-57.176201924683646,-75.81437620360168,20.52639458631677,88977
-40.56791746484358,-37.96750831559363,-82.37734606548068,-126883
28.83266923970612,-13.732352873191786,-87.54313325769485,34662
-9.845169068043091,52.984598085815094,24.008847126655567,-12524
-79.97498163135744,-12.21294596619147,-45.867099247299215,-44800
-14.346011149278652,92.01118453778781,-42.71661993132761,56386
10.963358614471957,-66.64319174215782,-75.99058121643944,55521
17.54408602690272,-67.84206569383282,-6.5583768076335645,7806
89.02060224178737,-74.10476705552946,12.651340921367819,-83459
-11.69736917005065,-3.498572271255469,-83.8172887905518,-3430
24.06557103116637,-27.13430171323637,8.520351952528955,-5564
-6.898947839902789,-74.6140608243833,-2.8580460522793487,-1471
-63.98482852743459,45.0495112103105,83.08068138432205,-239479
33.23433926536097,32.479724393633916,-28.98078708713183,-31283
-96.30485433583806,50.87900017054483,-33.03867697777008,161886
-31.698714484447805,17.31219593615954,-31.312945009841386,17184
-39.229273375754616,21.429779544820306,47.00940719099137,-39520
-29.926067319371953,-18.780594824036044,77.6139007084609,43621
-26.002128284197923,13.260392318066678,27.98198514857259,-9648
35.08231917683423,-5.518477256794213,-75.31980761785242,14582
71.50589941364524,34.852746131947754,-93.42578281194366,-232834
1.4169342962682947,34.25507755460163,-71.61359838887125,-3476
92.28105987817011,52.79858826466358,56.02957069885207,272993
72.3253879597261,11.698955931927685,24.197113331425797,20474
80.33530177080709,9.830069061731805,-50.97658214212524,-40256
-9.901201942312014,55.69618023152063,55.902175014643234,-30828
-84.25301098971558,-8.036291772457531,19.114666274118136,12942
-30.064031865833442,-51.30831796538289,61.911597771782624,95501
-3.673414132584554,31.57020835112874,19.36802555807344,-2246
-59.17211703244656,33.646322819424626,28.97689699386561,-57691
-85.4860654910856,-60.33907772111438,49.23117939407325,253942
-25.532911207077305,-44.77300017965009,-41.37441273841817,-47299
50.49656491120504,-29.50246412572845,96.80606467917798,-144219
-2.2038315052796804,-46.17019621569518,-5.729783072193612,-583
-58.797689826680525,93.23058419799798,64.2270622295083,-352076
-2.1158162279874233,29.475394855934184,-39.615335823528966,2471
-60.68029700733335,55.59661013108146,65.46660554031828,-220859
27.24549923835707,-62.16264643121827,59.90877901543155,-101465
97.82095423437443,3.528906881711393,-65.94401223511673,-22764
-55.73812168886958,43.05521400156803,-93.22647005192337,223726
-51.33476287751557,9.960654770409278,59.09809909628086,-30219
-76.74123038633664,-8.164106315623627,-65.96880564844952,-41331
-43.45379319514955,19.23652566454183,93.52075386475343,-78174
-56.2284813617008,25.01923699074365,-97.36917960851682,136978
-97.59130553957063,61.384308052677284,-76.32682174397918,457242
-13.957009295703585,-23.81814156407971,-23.95419893878187,-7963
59.26726347268908,69.60897690892648,11.608645199640904,47892
83.95658275352383,-56.50642324285353,44.768699011720145,-212387
38.845656625053095,-86.21243331057862,-64.29537751512765,215324
-66.69521929760944,38.46336120461069,-79.61643322624433,204242
92.2368454660483,88.88498958058483,-91.4060075190438,-749390
-30.39756433790413,97.07009541373708,-30.10441365208139,88829
19.011603090260934,36.072607878664286,-75.89615721890091,-52049
-13.090931401386285,-13.823839368864284,4.185774594911479,757
51.11643079320541,-2.802530320231412,50.54952049529413,-7241
-54.109965657772904,-42.17563765848442,-97.89780228171831,-223415
-26.28010571363086,28.920714132581935,9.829779126759192,-7471
60.03255802336548,23.26441645460133,95.06784024810159,132774
-53.08039750603846,-35.313365635653014,24.525815056451634,45972
-65.64045938849705,-30.94420227336488,-37.12115259320359,-75400
-8.897915328214083,-79.62906717882194,-85.45735283037685,-60549
-81.3593314985458,6.858321639360838,-72.548352596314,40481
-93.33172000399739,6.0524951658581045,-73.77503381112666,41675
16.48085024949512,-21.090998509376263,30.063424005006425,-10450
-65.69239546406305,32.90297569469135,-49.281486231585326,106521
67.50030065549822,6.405819460282075,11.032737717670798,4770
-7.520294598217532,34.2676787915907,-19.947422837397056,5141
-3.9590838135445097,9.888481880405081,3.709460705394548,-145
4.762127182265033,34.74329202008889,22.92567539914549,3793
0.27702279160062915,-53.32114511294223,-14.224357296612624,210
-16.476303161582422,78.05731136653259,-23.27490090037398,29934
-30.680492673448967,29.34317825620576,27.07809250667492,-24377
-55.139505375846866,36.47138877615416,23.892815977475053,-48049
68.06125374787791,-63.98075542904928,-12.480391852153218,54347
-28.19608980013311,-60.44215193820837,-97.5998944936443,-166333
39.22054501996712,3.4161017818449295,88.57968554560136,11868
29.398494871795094,91.43997027557074,41.52933465190711,111639
-78.06895741205606,-40.84303076294431,95.74938987913441,305304
-91.4522890332365,-1.2139635868134917,61.427604002362415,6820
-1.94796206047954,85.78382791294229,-77.36752479750746,12928
63.71652582205826,-98.54591692813489,4.30807874892605,-27050
22.326860036370007,-22.432195925918634,78.47741600220027,-39305
38.276130706067875,-71.89553387528863,-28.416069236431852,78198
33.73756630145627,-73.06443042691713,9.455329226348127,-23308
-25.5545846376029,43.301579225745655,-71.70662411509653,79347
30.134289248239526,-6.608666543751298,78.94652686915413,-15722
-93.87625002024247,96.84801621623927,86.30563018425548,-784667
-80.68668075253098,89.87669836753787,-33.137757927168735,240310
-87.16839740009279,-48.14410936221083,78.45120890551814,329232
-85.84930550913596,-38.15344723130585,81.14838481687542,265797
1.33391286190772,-3.4792915586438653,-3.6157237488639,17
-54.10329197883803,15.30097556112915,62.57078670610781,-51798
66.5919189685161,54.537389386777136,-25.800260873441005,-93700
-89.89777111203219,14.397757696792695,66.15052918441532,-85620
26.886193964127642,96.33804017367822,50.940777173536816,131945
-41.26428140055789,15.691366811745581,-1.8773065956685429,1216
-5.666002625459711,99.62224159204865,-14.246285972912759,8041
-79.63637690686662,-13.057644867012243,-2.0457890460902775,-2127
98.4644872466194,-96.77469777043774,-45.601019724728765,434526
3.666293837219058,68.84336185165827,-31.526629214335728,-7957
7.543666780867127,0.044574441034896495,95.39546128206604,32
83.38704783582205,37.74216848374678,-61.642986939115005,-194003
47.601791618172314,58.46976396129298,45.93935674187745,127861
53.24893771318679,23.95715735300324,-86.0888065821973,-109823
19.353302290907408,6.869231177606622,90.00803118259896,11966
-82.98571558310476,-46.66324639694939,-82.5502768438476,-319666
-42.380029498079466,63.708095493198385,-81.1946488529117,219222
80.56490049494641,-32.47687193982212,-31.561084035975455,82579
-44.620493370317945,76.73403179939865,-64.50355263410019,220854
-49.71849892099789,26.51562445031621,-46.552994492119495,61372
-64.14797157700806,-0.23188332889097296,40.88808638975115,608
-97.49538367183675,-58.46298303343141,99.1232312287195,564990
-63.76199453930922,-43.28635622150592,11.041511917189311,30475
-95.73385664822854,-91.21516153946278,-18.54363513653483,-161930
18.53864801654052,77.75019073418156,74.10022203658309,106807
23.57354268302481,-65.95742757485101,-82.64699507159072,128504
-69.59201199126521,22.327140319617996,10.337740505400419,-16063
-58.99673323565258,-1.5437016113440052,11.135210157587693,1014
62.59266304198661,-27.199192726063345,-42.35934480567971,72116
-48.20905071934136,-27.552165019144297,-68.64500569487073,-91179
-1.6720206890238103,-32.2396021884789,0.7180855677976865,39
-31.069752087161874,29.229023312479143,-6.548827235753166,5947
-49.35762376336186,-86.6982965164202,89.0743849846601,381169
97.21968397344284,4.727955830757196,8.848394545549894,4067
-64.01369043259757,-47.664541583527175,-75.10646770208874,-229164
92.64347378726626,-19.070536231594872,-15.634446315347589,27622
-35.58194915536646,-4.434168345075193,-18.147200370797606,-2863
56.92524287226732,-99.51352368747423,86.99897712067511,-492835
-59.027950973734924,-5.605442816965066,11.267252386953004,3728
-23.765181475685978,38.46922025549128,54.45228700443286,-49782
-79.27683256961878,83.5161676359676,-86.71675721496126,574143
2.0610914531711018,78.60646793778216,-45.35079330492735,-7348
1.1758749271427575,47.97849116012799,12.835576162697592,724
38.99415452760752,72.53427175337697,-72.04108368182149,-203762
98.73229629035245,24.264071786102278,-75.61687230590859,-181151
66.26134404643264,-21.562456031815927,-7.989742223672721,11415
18.374725348626654,10.420707306132272,-76.05354580819949,-14563
38.11678841459215,84.4633179502865,49.14420316745503,158218
85.19847052175248,-71.57355493955436,5.571401398593395,-33974
2.3589528413887138,71.99103178948414,-5.214228778858569,-885
-94.60837162338787,9.499584949786865,-72.32331959789238,65000
-85.72374806298568,-37.300483244586104,99.47013283176102,318059
34.251843698703055,-89.0242290647899,82.06184418651611,-250227
79.97723426625254,-24.83323431444613,-31.025839519209967,61620
47.87571267923525,61.863601246064235,-77.61727487591614,-229884
-98.2701584168259,-5.908627624825385,-67.76562109016146,-39348
27.963974971878812,32.91116493312421,65.45159852173313,60237
0.541891694931266,80.91259737556916,12.393376769365517,543
99.12285191963969,-33.711590380151364,55.23853619642617,-184584
68.14190156246488,-5.0378831021126445,4.732416654976149,-1625
-96.31452562713613,69.71947690733722,9.759985623476524,-65538
48.22485003602296,-76.6813060375484,27.175948871792627,-100495
40.378549159889275,-64.96757535136031,41.95014365556125,-110048
3.5445264526932334,16.56711688246469,-34.55740731557917,-2029
9.43743840640343,-42.27304180623403,6.493577257087566,-2591
61.75772168813029,-82.88632192208459,-66.01123152831079,337903
45.444468171337206,97.88018603278226,63.5321110089026,282598
26.21511601170772,65.83583152785621,-60.11360060200981,-103750
10.188770333982447,-81.00090018860553,82.75107476676715,-68294
70.05211724435028,29.696779600906638,-2.3481215083296973,-4885
-25.197554402096188,-18.389695240208965,38.01111053445999,17613
-77.23922949611872,-13.418473561403559,37.92654518930658,39308
35.53483350717144,-60.08722523026504,-10.217194384686138,21816
-85.62059390249439,-54.58515339930501,-8.237138762661502,-38497
-19.46231703568087,91.61668408837039,25.090615395856886,-44738
-13.896292103965195,59.72153832383057,16.40283197950147,-13613
90.92235176594929,90.06817601778334,-35.11015722380127,-287524
-10.324695232036234,1.2306143984871767,-93.5910721487605,1189
21.1391302180799,-56.76442695413137,36.93106090103089,-44315
95.46882217616786,34.66746125402619,-42.9783697192442,-142244
13.39748783719574,15.486476840818582,93.15496420694132,19328
27.578115624443654,73.00961422119713,-13.099733527039902,-26376
-6.543978166131836,40.94931047154594,41.47983851039757,-11115
50.44264132583126,1.3193131618251925,-10.36681706971278,-690
-39.220052689079665,-41.141151510254836,87.13495817962121,140597
-6.908285890968301,-56.71865874620996,20.078123105107466,7867
-33.72191423651394,78.28826593139323,-99.49571943111557,262672
86.7409072144415,-81.97881426382736,-35.86397584067835,255026
-68.38701286472428,26.76504808384253,61.90889365786086,-113317
-94.5835268101247,23.76951043489197,29.310332591501577,-65896
24.19923920773286,-70.90902230783973,-84.13364066468378,144369
64.11467763823373,4.037664179035502,77.67330615768154,20108
49.66016233225923,-25.471114583765143,-41.364831434863845,52322
67.43328359259996,-52.75471197946209,-15.3512381729997,54611
-29.624351532585095,11.058820010432527,33.84011203934759,-11086
-4.263961903817702,73.06544929772346,-91.95901493436183,28650
-38.22113342557076,82.20211732228918,37.51911984345989,-117880
-80.64934268328933,20.170211928714778,5.852656678963825,-9521
58.61814122392667,-96.4057880953296,-12.849762856157724,72616
43.82083655082826,91.52833063985582,-85.49045103951643,-342889
90.18848860921969,-21.83070850206113,35.337119404425465,-69574
-4.084157666980985,83.04873128667444,-31.214311339771967,10587
-82.15234494455963,30.295541779333803,-57.18617285968839,142328
-3.4552343856238252,44.46840131458771,3.17934278294814,-489
-62.86350638604383,70.06868837258847,72.50244905029817,-319356
61.047440384232516,47.43891753181927,-28.649927626631765,-82971
-26.957907716082488,-43.44675556446904,14.956050444862925,17517
97.36302809557199,27.365159400575664,-81.34315995184681,-216727
-54.57886045592031,40.77160731613614,6.061648986112772,-13489
40.765364934783435,-27.14503883653194,-20.424285417784986,22601
-38.55534026994793,-51.49432378035896,-14.16389390441546,-28121
-73.49092907972494,12.907558452675929,-31.951735485975803,30309
20.557283997854213,77.74930085179452,-74.79125550664662,-119540
54.25944314614392,10.77674667710717,33.96581893595186,19861
23.3565045648744,27.69611229829883,3.192871981190251,2065
-37.24616279310842,-11.880085475496173,78.07591224915959,34548
-16.382157978325566,-96.18065961878904,-23.275827086877683,-36674
6.304830766128177,67.73031342164654,59.596013429790986,25449
-35.67151459617493,-3.8174382263430573,79.32553378520203,10802
55.86908951296533,12.001891410478962,-31.803603822247496,-21325
-27.545495355879098,14.08482915488483,-10.313364178597055,4001
57.39256848142114,-23.229548218258003,-12.522809475950567,16695
-45.026329248516504,0.5584163421196138,50.756941795436376,-1276
-95.83794954338939,-57.26066125872029,-77.92460865281458,-427630
7.440613772567744,-11.291276683555296,65.05010843002148,-5465
-43.56891666194274,-88.63495270392532,-87.86800952856592,-339322
72.04383232099019,-45.86958127457776,-42.954097097768276,141947
-72.4784310411627,-43.07248388290523,-45.00978553634209,-140513
90.1155086668243,-2.043582888729503,-77.97525653724682,14360
-38.19910557672779,-99.57992227912467,-87.83315694656304,-334105
-65.16826082695783,-48.02881047238821,41.63054755116357,130302
3.050561415100404,16.26908974677015,71.65833681842284,3556
-27.712420502285042,-18.90734127720191,75.5773849893144,39600
9.005919055753893,73.10064555191008,28.37548870461069,18681
-60.85369626695507,63.09621942720099,-70.75045894561278,271656
-63.60011873275282,-85.95047842742356,22.571955143775256,123389
-97.91379081388558,2.608930631901174,41.37007279832815,-10568
-94.17680338982699,-80.01731288347173,-3.8533363891315275,-29038
62.554850196720366,-63.86467045910389,8.878753190628231,-35471
47.63031329964622,15.585224014892248,-23.93065503650871,-17764
83.13327284496395,57.5330765933833,75.2828859170861,360071
-71.96505488084657,56.78013691005549,-73.21147896928588,299156
-75.5508365917456,-78.36557587887371,23.347694383512334,138232
4.33184561557465,-58.2901546686563,29.76093802100098,-7515
-99.45367025080516,54.17103060779067,13.662923649022488,-73609
48.756502029721815,75.61099286829457,95.24278431639442,351115
41.67633624893304,-97.14588345306416,-1.980681487267205,8019
-87.4332558752662,-13.865060341369542,-15.06566523152469,-18264
70.88844020152547,93.74815460052594,-6.9004334132491465,-45858
-23.187547861130795,-2.9089775695466926,-24.613563961892154,-1660
-79.40009919668188,-24.312581443280678,28.773387880546693,55545
11.994762563192367,34.65080379185969,-50.348424423021385,-20926
92.96487227520782,20.103049856064615,-51.44001848022861,-96135
99.17360710735971,-50.59903857799295,-9.630174819473751,48325
-17.549090277307215,77.12873819095043,-62.32467314862464,84359
-6.295523974463407,29.918081033491205,34.986696669241724,-6590
84.42325108355891,14.204695664208188,29.858282319655615,35806
-3.1883263657133796,73.6111045597512,28.53082035500978,-6696
75.22011811777278,93.87289633519848,-4.00042383490684,-28248
72.8055118528842,87.82785297542665,-86.85958589306443,-555411
31.901205765574616,44.988566056133095,90.01464111456076,129188
-73.17142414687821,-86.09771546826357,55.91496035895986,352258
38.85035689322109,68.01487799872143,-9.920307602559774,-26213
61.77547053321098,-9.050966785407084,30.66679468412306,-17147
34.5507920822879,-22.440174376092713,22.409379080645692,-17375
-10.404023541184728,53.19907873792906,-18.145651066822666,10043
-68.21533048991293,-49.26244757725699,87.93059295628217,295487
84.97584972191632,-9.657920468084072,-18.542239920256804,15217
-21.74268908534087,95.92034621108866,81.2904751187663,-169537
98.38040114172816,-77.38813327904433,34.06353495198934,-259342
74.78440540699233,-44.118253733005886,90.64307916299438,-299064
32.0162520627714,-45.723022068670204,90.5570553958498,-132565
39.444813886682795,-54.79585383352927,70.09408209473119,-151502
-69.21641598124486,43.79099717037212,39.235002555662476,-118923
-27.162409492210045,-17.575865074472887,-27.54739648187514,-13151
-65.0783310330088,32.42020287859606,-4.129345394425286,8712
91.23261781814048,-16.911757010466573,-1.7875409068986556,2758
87.76291242349131,44.86935413675917,24.30253692491644,95700
92.69097013424087,90.82032459657981,12.909608568475846,108676
73.85525351052098,38.39127813472305,-98.58031341089332,-279514
-17.39078184605134,78.34935111866565,-26.149061054144425,35630
85.8519871919396,68.15435341785505,18.44632167098044,107933
78.55163733593466,-33.68631064839147,3.1551897343037325,-8349
43.01163637927036,-75.41993445811485,26.69479238335444,-86596
-32.205955601606306,62.67973807241748,34.51921404460933,-69683
-27.21152591534748,-17.33709550029039,8.305423750074326,3918
15.483925297088035,70.5891287808036,-96.67434372060771,-105665
-42.068930965522796,-8.484194044348754,-43.21740627636341,-15425
26.83055381558266,-63.66364324235256,-90.42071624066763,154450
45.688759163297675,46.30052163611359,3.2337185674623328,6841
-17.48141935051642,20.448781251033395,43.97619439245807,-15720
-75.84677176272807,-89.5161528335823,-37.75156552484633,-256315
56.1377267418174,-30.723754312044264,80.14475617528208,-138231
69.46437997776715,-21.093274792998614,-73.78881854413598,108118
45.736398052068864,6.473926877630106,-69.01746328095723,-20436
-39.85664730236438,27.898185232999722,-49.98549885578789,55580
-35.9858646508397,16.409580113662983,9.386670391366735,-5543
10.958654368240303,26.46625228658867,-58.513135375105406,-16971
-67.15899228522515,-31.762657864427666,-14.73352830720654,-31429
70.75629999169993,-59.76505164862107,-35.60855948847403,150580
-54.28228067963736,54.69187428782621,-36.44173272773421,108188
-13.895119809272387,65.49560518397618,-99.46443553220396,90520
24.441576957126188,10.521637700014224,63.2200481979109,16258
13.570177954946132,97.39621312409588,-8.41285637180762,-11119
-40.94354729290626,-6.298436379524588,-45.07952499453069,-11625
46.88469843117633,-68.67366426141697,69.5945670640348,-224077
98.19449478425642,0.8563862887855862,-19.62569683630373,-1650
30.43409284143067,-35.59096413902476,-21.88973941018419,23710
18.314830066328327,43.31048034081576,-56.42708316264222,-44759
21.093464316587102,39.71567645480425,-58.02740660756736,-48612
-96.26522231786343,10.977740805150887,-73.9256420016192,78123
16.98113196381499,-96.03006643451641,26.04039946675185,-42464
-59.764045981177595,-77.0194346908893,-71.98145934977214,-331330
16.82557335775961,18.126006828647803,18.572884949619635,5664
-42.71450036645219,49.44484296528145,17.204939029035486,-36337
6.710518466437904,-51.37550239653776,-1.3822071641161244,477
37.78307185742699,-51.32814771303045,66.8388877497357,-129623
88.84442863933106,31.61380461034929,66.67175663396733,187262
28.267343162205094,29.79295746332187,-59.57390079271996,-50171
-68.8538647410116,40.45081732119223,-29.631580698172,82530
-61.55657499826981,-94.58571229910045,-48.281760040331,-281114
86.4103159439548,12.237427202914148,-89.42681920158238,-94563
26.17233574777191,9.587589076074778,-25.46598105856725,-6390
39.50809402463892,72.34669624161643,36.775451067493634,105115
-1.93270932131189,5.701934254522058,60.71741941840375,-669
46.021422372149374,-1.1390961402496487,-18.908328533209342,991
-44.37616345677249,87.1624113503016,11.011267949647888,-42591
68.62448633898208,71.61802807631506,-20.3667311363932,-100097
35.07104806183719,-1.8824059719198942,-96.07470497480661,6343
33.01921511221241,39.51611995741928,14.880300717704714,19416
-55.825535119935,54.685495060088726,-72.6831438661969,221891
-27.835518362118023,3.435790736231098,-96.61555085644066,9240
0.6563728914752858,30.06957486184575,88.92043296569113,1755
-67.34830997908456,98.29700136001046,-74.06673889719144,490332
94.4512070579938,55.44013802362434,41.26768556496876,216094
-51.254143833566054,-45.15327017991413,63.41610305196005,146763
25.92316567043025,-4.182018250760706,-25.17005889156654,2729
-27.44862501355658,16.80642267552686,34.741911018732395,-16027
-44.404532442609025,-74.3056210753142,76.29100665612958,251723
61.15483846974999,2.8212570555284913,69.77703691455562,12039
-87.26287922352607,33.76062678214004,30.71298734936164,-90482
24.656741028874592,-2.7992201241835204,15.639289708629889,-1079
18.871618493099533,-19.3307114917516,-30.480712773981793,11119
23.962479948387497,-42.331301137728296,23.514579661192457,-23852
62.61048586657873,-78.92303201578186,79.05741531726201,-390655
47.434457898251594,-45.22580065247415,-58.33559558375452,125145
84.521148036678,-0.5362885312502925,-84.50366133014795,3830
53.152108052280255,56.07463744981973,65.21506372441829,194373
-48.463365267965244,1.6826326334055182,-92.50035225766342,7543
-67.99274587764637,-63.84135819942538,11.995134738488034,52068
-17.711291653472983,-99.29506078589982,-96.4964934970687,-169703
93.58748678703964,63.9594821640886,-0.5391842024807829,-3227
2.5552066188645313,-23.488886717476902,-74.43408458321797,4467
-19.488632609180385,-80.03082465119098,-47.13097821836849,-73510
22.139382639137267,-58.963888960155316,-65.36932367096847,85335
74.33141640073023,-31.728994643352166,86.26749451592553,-203459
16.074935324769157,-43.853666820436075,-99.51567589740553,70153
20.43182920188424,-33.86453268245526,-2.453527208663985,1698
-26.00995917549615,-40.6157187133648,-26.110191467063032,-27583
-41.90617631847064,-14.21586071764844,-82.05819153036431,-48885
-75.75696503324852,10.636238577421352,61.79206417573843,-49790
40.06950937510061,-42.669106100204516,-32.56900761472288,55684
-4.220343056275681,-6.818158893026435,32.75466233020853,943
32.32703276291517,-56.07999590023367,-28.550859833175977,51760
-26.079887259888807,10.089301222348794,-81.70926040576617,21500
24.18992585848852,-73.21028805216557,-43.23341500603641,76564
81.48321426207082,-15.108341226792817,11.538112552180735,-14204
-46.27969665830884,25.184191219056444,7.435772430322501,-8667
0.7579842829653671,-32.630214609774086,-10.510373820653584,260
83.58627692192124,-20.72378832859188,87.17181565632166,-151001
-76.31049552338096,5.908594441709795,14.789300199427188,-6668
24.80488878546538,-43.10664981851397,2.5278156893068484,-2703
-61.023611234679635,-26.044894063230032,28.205425493794934,44828
18.07821135112387,63.378922246399554,-85.23167258711854,-97657
-23.784592538430346,-40.70035740387854,-34.51447212979184,-33411
-77.46812807597652,74.53408901397103,-44.65491490818771,257838
50.30310811793248,85.72090814762689,-75.79890189356071,-326847
-97.70891842762275,-8.723414634279592,-71.52267275382873,-60963
-36.450687518217116,46.88565713865708,-53.39790270563742,91258
35.05050513302021,17.383796051410656,55.064920049087874,33552
26.08015447263719,92.38173195573009,-7.718986055052412,-18598
41.99078838318522,-27.92546425449507,-47.96884029270005,56249
-66.22752657068591,-81.84699509776208,36.7683134568548,199304
-56.550663880283004,-93.12056994794011,88.78217695160174,467530
21.387530059848032,69.51472897972971,70.90021028967874,105411
87.85588968126058,-84.51979457182614,-18.21243192446107,135238
-68.93146669775768,-92.36992232243102,7.986270209838153,50850
-62.62238474259174,-59.79556107198809,74.08353857959483,277409
-94.05759317057665,-34.93240453521062,14.425089004412143,47396
-33.136667700754,49.82347309912669,48.95126507328328,-80818
-99.0992066969279,-23.189333534123605,24.374188017540945,56013
-15.255460990031523,-55.152107416734154,-39.418396602447835,-33165
-53.70030767379199,-44.64120888754011,72.1399832971947,172937
12.976490252768642,86.27659748833327,9.666877127316951,10823
16.97020292841924,69.14796857046088,59.82916983861409,70207
70.59298322081511,-79.9072161255985,70.08810181142812,-395359
-72.28944776061516,-58.428880295448174,-6.519604970161311,-27537
73.24295785486657,81.60685639517945,-75.79294540168885,-453024
81.18690213448482,63.66271492927814,74.62422556754137,385701
61.48006739939501,39.50310261119961,-60.88917492961967,-147879
90.92637418686039,2.1898575896926786,61.94442939027002,12334
-9.06171964257419,20.34544688030988,-99.84694590995926,18408
-11.183964942777422,-43.124606888246085,-14.260801837529073,-6878
17.84702735291694,21.43996282632233,-79.95890747631657,-30595
54.19143074196478,41.94654534171394,10.747845383047405,24431
-57.91546890557502,-83.38427824600899,43.034716070868114,207825
65.00464608982318,7.317387152961842,-63.35119322640319,-30134
50.45102009862677,66.97427795764887,68.92392312151398,232888
12.922183803366423,57.39666921800122,-43.58764602415044,-32329
-13.748879968445976,50.292414713831704,80.83360810208191,-55894
38.18446584771016,22.222472627347244,93.4847670868053,79327
-68.4634570572281,-74.07872799503043,0.08847860360401683,449
98.07977435761529,66.29131004721285,64.66014978787169,420410
-0.8630938540273689,57.88828726065171,72.63929713556973,-3629
-1.9741623349003277,22.129725441861552,-66.25676505489275,2895
-21.462675862209252,7.792221154919105,17.931157544407412,-2999
-91.28950956878083,0.9698796076591947,21.16608218944313,-1874
19.05427443263615,-13.28019667710565,98.66427995472412,-24966
2.121746451168633,-79.75860337925873,-66.93659907294345,11328
89.68643756935984,-83.58157828073583,68.4844810808425,-513369
-15.791603004944136,10.621855800227394,26.301514994973658,-4412
-69.1501473019321,80.6877867978998,-24.23397301948411,135215
-9.203880324373387,-23.350225502641948,86.02873341616012,18489
-52.994651503351164,38.61033266839104,90.65860214056656,-185500
-34.2418722048202,-86.07454553065278,-1.1914403402670644,-3512
-0.738280057977093,72.83641747524985,25.427815745299114,-1367
-13.831514563611208,70.07522221145172,19.608839923661264,-19006
-67.86075915274509,63.334938395942316,23.130031995102755,-99412
-5.877108121489499,-97.32950879775908,5.081943412642715,2907
20.9725291398763,-3.01167950917511,-64.86457246851245,4097
20.19879337157586,-33.36686592139368,62.04316031159095,-41815
-19.83217554592771,79.56562774841603,-71.21325408286911,112372
-0.42778544881107905,34.77303219940521,-91.3599340243126,1359
-11.016005493632946,-79.73317782608748,-35.6389150980321,-31303
-64.22640648735461,-35.140842443697125,76.23697408623511,172065
-29.559686930515568,57.95153556136492,-64.10000634221235,109805
32.25334924506947,8.451964337034696,72.91814555254749,19878
-25.836696277591614,77.15172051267868,-5.134795674292647,10235
-76.18726761391012,65.28263406423955,-91.94415446393913,457303
43.20714414152579,-29.106191303434485,83.86332796586379,-105466
53.13727697742158,62.889708269758046,63.883468043179846,213485
-88.80756699889511,-81.3155292452959,-89.96095158839996,-649647
93.51471014719922,39.471572361596,21.312906256410827,78670
75.46444810942714,83.69329376792248,-63.566950913062904,-401480
-90.09975518321104,-71.13913987713143,-60.14328213159328,-385496
-38.66083736077499,6.684691291001911,-32.10908848731664,8298
-77.17462019736409,58.087062136127145,38.31555926873591,-171763
95.9565333734655,0.10018725256004757,-66.38479881665512,-638
26.908788347518623,80.32199994307862,-57.26497937628192,-123771
82.4912474062858,-46.53073674127264,22.72352282359735,-87221
-1.7238947596247272,-3.89408863457939,26.00332636190072,175
24.892735864392762,-39.00077458073239,26.609936813450503,-25834
55.09235002319795,-4.623608308650432,91.2931516271457,-23255
68.28965945622105,79.04218186825656,34.43697924695334,185883
-68.51703099180972,33.476435740850775,35.242094660314166,-80835
-6.772469881099255,99.96850754966812,59.55288798538612,-40319
30.295287685309262,-21.088349693985677,5.283014891247049,-3375
99.30037550161757,-65.28168326238224,70.27800109118905,-455577
24.65911512634713,-78.69165969417986,48.67340025619927,-94449
-4.987058774776074,20.12900605782555,22.937758419638655,-2303
31.605017805856903,17.89659984170362,-23.004250839543985,-13012
72.0551115032647,15.002544798627568,79.56321686373803,86009
94.12536213307968,86.32958699224105,-0.34364679273630827,-2792
-84.62349173843955,-66.09088668954735,-70.40783559871946,-393780
65.63110558472098,-88.4991806570045,2.943848687747547,-17099
-67.6552662479231,-40.85979304063534,6.107416274015748,16883
89.65959522811846,-63.668031253265276,-33.642718216106715,192048
-17.603009117418807,-24.4421554939847,46.74168932822417,20111
83.07305289120694,-36.5721529698924,-53.15621830301711,161497
94.93627372520382,-24.865529163426586,63.014997313947674,-148756
53.21348701553603,13.330235427984903,-22.84789071711674,-16207
-75.86563519895398,-50.95521983923348,-93.93598870236279,-363133
-28.549525711873585,-79.91360673347458,-52.87077244416363,-120624
-41.622913417005435,-69.56274764098293,-67.95446658021342,-196756
91.38810906356741,23.688598547644133,-79.27468879460025,-171618
-53.85487673337619,25.56431455551909,-42.47696140289647,58481
-14.04227198554932,-99.96532320511027,-81.20355704402925,-113989
-99.13181756030218,-71.44926386485231,-3.9248441656431226,-27799
69.28362362427691,-44.14848667152755,21.73779526491147,-66491
-97.33780750494296,75.9798930377751,72.54602653063927,-536530
43.5814339514954,-66.0020631854156,-60.40487425041092,173752
-66.08994232801422,-93.10270620328328,41.79441703333538,257167
-38.83866138170768,-60.28435877797622,-11.125412781707553,-26049
10.708260029199195,31.012093488679398,15.398528830474632,5114
72.2944630867463,-61.75392288291568,86.88646308031878,-387902
92.82040702400764,89.22994188630676,-33.90317875750833,-280798
-39.44244716318232,-94.41464591522242,-1.482026048244947,-5519
36.72750489128842,94.47395322778877,45.506656391763926,157899
-95.07824733419629,34.06532790463055,9.178720049846305,-29729
81.60627119998352,83.29898464729956,77.60572184040274,527542
79.03099057419738,83.15575915149475,-35.494057857540696,-233263
-68.19635540244929,-27.748630708004484,-47.478812923369816,-89847
73.74028217253618,69.92992647660049,68.77864825832211,354668
82.37715242779771,21.62601059806677,-69.46707166322877,-123755
-60.86259922756747,-93.99465578705397,-47.32472428188503,-270733
64.42946976092406,36.20771777013596,-67.22374842212604,-156823
6.659455962894839,81.08698768802546,80.4719098872065,43454
-92.93356580652959,-55.238392736494426,-32.289436205379246,-165758
27.500205958079405,-0.2929213218501445,31.388828218908913,-253
-45.26701413251033,-58.16032338769341,-28.740353653610313,-75666
-54.070671916970525,-43.03014024386884,2.8860904985541964,6715
81.4821567968356,30.815443625452588,27.059134154885683,67943
-90.07389786515245,95.84108039803652,99.74647372481758,-861089
27.37258281758774,-23.013660851647245,-70.58747780818632,44466
-5.89810826137591,-15.13895303064676,79.92139509159693,7136
-85.32186170855536,-68.41894225626315,-83.39991243541125,-486858
97.15312454799812,-70.4073339746232,-96.99201027070225,663454
32.902572278921184,-72.27346378439267,-46.89290614283035,111511
-6.661965304794478,-18.986996883460193,35.85237766601088,4535
67.61574449900411,1.8607700513504568,28.686292753731436,3609
6.794171027035773,-30.936980429890724,61.62159885477482,-12952
39.39201991162756,77.62234378812147,17.158351384035626,52465
2.7933416256877166,-85.33812252509372,95.29385944750163,-22716
-15.123759598225917,10.87314516847502,64.23497254281713,-10563
-89.37901869619813,72.22980778929573,53.57325414737514,-345860
-50.884146791260655,22.862582926554097,22.246791660329606,-25881
19.719955321190568,-95.24906635805908,88.79254735180692,-166780
-43.161452416829384,89.40738091057335,-68.35270243656153,263770
-41.51848852183995,-97.61372666233932,66.30242658508399,268709
92.2576275905968,89.66658160601384,-10.817186020666341,-89484
-4.781486891954984,-91.55278963646259,-54.1777172942635,-23717
-74.2373783705394,-91.84028563399404,53.61508884852546,365547
-65.79956637752659,91.24388258036527,-92.12182673250207,553082
62.4099911341512,61.99874359974149,-82.42039696170306,-318913
46.09530255205928,-64.51531078933677,-95.41511061446303,283750
73.7865802257005,-34.8283961341959,81.08471959497706,-208377
70.6672267294914,-16.752296667420325,66.46410463487206,-78683
-72.58672364639682,-84.86198398511908,-92.75652930153203,-571367
-88.28362081152554,-32.92750773525894,3.290784707772204,9566
-23.305135020251043,-56.73495171755714,-22.34780818369599,-29549
36.419331936717185,70.00803968058352,-12.063549517102757,-30758
85.14813747703903,10.45586160722766,-24.415859019032027,-21737
72.2197544886946,19.525229395741576,82.35210316037151,116125
-32.3591795164176,-51.44922334228417,-97.61946325358876,-162522
-99.86326968799435,27.01592071637009,-37.28205744959298,100583
75.2645726054669,25.1506906933447,-52.810936814221996,-99969
-8.342802575859736,83.3526780308764,40.98577426432391,-28501
57.87939441496411,-1.722536249118761,-88.5436399561899,8828
-60.002601569442724,27.661302731302,49.3089903546998,-81841
-6.5437435987643084,-21.75132066869081,55.31855374950442,7874
52.792926954862935,35.2627160080591,53.53732390992678,99666
61.13665209586745,-54.30880696307523,30.06698217597318,-99830
15.971437898418344,-2.1358523245874323,99.4564854886377,-3393
-99.13232772817486,83.26804964615476,-76.3245589494499,630025
33.183616744083395,-18.28425690863145,13.13888111755503,-7972
-17.523740827987623,90.4060385713068,28.195488686790753,-44669
43.82979042481736,54.07646850078103,-96.23911460677502,-228102
-49.414170804125554,87.46493992316584,-89.58337602469082,387180
-54.37517909670755,69.48062334933428,-99.08224887430602,374335
33.17632244540263,-20.34572430140807,81.22079415279404,-54824
-23.18553417548938,92.47329621129154,19.61353128268047,-42052
-31.964424476255445,-89.32356270082407,-49.06877738317013,-140100
-73.97785397203256,16.631087507646342,0.8918889943646491,-1097
-52.84473155247093,-28.67190445026344,-98.98130264918339,-149972
55.68191115462079,-81.99290964874699,-36.71197957757535,167609
-28.075994278244494,-48.68326344579994,-93.06855491439237,-127209
15.18813592247706,-30.876640431598574,61.416771315164254,-28802
-70.72188109541628,71.99210743529684,86.50856198910577,-440451
7.562284481944047,-0.2389269360492392,-61.84102279476031,112
-14.522146626531736,-48.60021833322183,-28.010443211314566,-19769
-70.56527601125948,57.82218239628318,-59.77269662443947,243887
-80.85561075346352,9.293271433994548,-79.06409953545418,59410
-46.1936003055398,44.967089521935975,-28.79759239112782,59818
93.05622270460336,82.33657215910785,-9.076411836701382,-69543
-26.271968428757674,40.55939108644654,-20.205565922378497,21531
-87.48907239544937,-94.90832786840609,47.844949370828914,397278
-71.15387368228329,92.06383672857163,32.79074182203777,-214802
-15.974710606368149,69.64505383516172,71.77743140988144,-79857
-23.28641156399995,-87.88120674073888,9.00765873288995,18434
-5.931803865738729,-36.8183038623068,-87.18007185678562,-19040
-36.942314539535204,86.37101864284404,-73.60868234003809,234867
0.46274767842122344,48.003039762926534,-88.37193961304601,-1963
-34.25231662052373,77.6686091870983,2.823184307058483,-7511
-39.66759417238293,-8.489284774809903,-95.3677966966604,-32115
-70.86253651256018,-91.58424855733094,2.35241372643236,15267
62.155890216800486,-20.89727167389806,73.63809128592493,-95648
1.7093772531969478,66.89784158346217,25.633105430802843,2931
31.71626343756796,86.95979577252527,87.81144361270131,242187
-44.06634432052823,-12.55164768103893,-82.00067255012522,-45355
46.081978806441896,29.706598429200824,-27.303534773675935,-37377
-50.596874261565404,41.38088222911901,54.30036873186461,-113691
43.219851025161546,-86.9390767158361,-93.26074334006813,350427
11.793623737988156,96.11909141283363,80.17766092350365,90889
89.35335092577097,87.95040797231695,2.01004872948684,15796
-43.491284779509584,-30.556645921214837,-86.88630658065517,-115467
-35.6705529819163,-94.22299835263995,63.872920671513754,214676
-49.500873410328936,-80.96655259791254,80.6585772892791,323273
75.74390746689014,27.02255857096536,-58.46780487319825,-119672
-33.42112607269621,55.52758627554235,-45.884586281159166,85152
-72.59820031228855,15.578110792611426,-19.054018699346955,21549
1.9754364603009407,-89.7877969708389,-72.38427064548902,12839
-93.7815252514604,44.239853877404784,-49.87587836921578,206929
4.447444853967951,65.8324864949457,-41.41870625839237,-12127
-6.547379261918735,96.66063910269276,-6.1439269397711485,3888
-6.521791484361671,79.65346247848333,-9.4696807720061,4919
88.4701511493698,-12.297784622001615,44.53584494143283,-48454
-94.8435532971553,89.3067507642456,-90.72186265364573,768430
69.17022305269276,96.6950054993276,16.859119838957383,112761
56.78360985419721,-35.71812866384889,45.674219722826194,-92637
20.64693648108704,-83.45414098653609,64.58981923738162,-111293
-60.16272102993667,19.146419687676115,-95.37869329390209,109867
-45.827850628644896,-86.48266487924906,-11.67776767323268,-46283
65.13343858465242,56.20278441069934,-13.073109567704194,-47856
-62.7955980855394,-60.64499999895139,2.9162713703060064,11106
33.16550758028066,-47.82558073775913,37.09074828512618,-58832
48.34456513585474,37.37013745027616,-96.32713908570669,-174029
-8.355981549458008,-22.80844454693471,72.35106335089995,13789
74.1987363587861,64.39637962357978,4.856966000331923,23207
-58.75137411414957,-88.94593473959915,25.422072883223052,132848
2.9979228974035976,37.30462026328419,5.535722520405486,619
-98.84836266652266,-48.27986998142912,-40.11379968703424,-191439
76.4256421837296,80.14147824877114,57.73405648778086,353613
-67.0709669576961,44.960398649822565,89.21425123762597,-269029
-18.058847693495082,-36.4039531675876,83.92210614831873,55172
92.9167964557162,19.760197123532336,-0.9434970073899365,-1732
66.42756379298294,-96.58089049941478,-22.878254892521227,146778
97.39179263214231,-75.60448598228456,-58.95442176893033,434097
-42.62330871915259,33.66922688649768,61.87015427562926,-88789
63.7353093933032,-47.42019681459555,2.66836830603323,-8065
-66.4998302179525,-57.170496022557124,30.75240458169688,116915
68.28368378346889,-23.673927496007053,82.14845762640545,-132797
66.57330793786701,-23.45894733744143,-68.32320093395394,106703
-71.69280945887881,-85.15343844343231,97.61432947508175,595925
1.4765171978257143,59.75902148228377,76.91160094545037,6786
-49.361499882495586,-54.59938622409044,-8.853192524172343,-23860
77.57472508894725,88.32602917375795,-61.47270639151441,-421203
-18.029161317235776,-20.33302606255141,52.44993743755404,19227
-2.6067762215997305,46.434779471394734,-42.16333933391556,5104
47.12929419230193,-58.03870699921263,71.89335601899188,-196652
97.04304664876184,57.058617567615755,-54.278834572953286,-300550
-95.61790150535492,-13.857233182089772,14.612771760084769,19362
46.62593939922675,43.54370186882113,-75.05871693014524,-152389
79.418023437535,96.4885971167582,59.26859112196752,454171
-25.580161567953596,-82.84214173766817,7.0083348703751795,14851
-4.826412614486017,-72.00099347280857,11.811074509298479,4104
23.89739990160173,-26.05714215395811,61.16128416571908,-38085
75.7497718181584,29.156544893601904,53.00295640740774,117062
45.66858117951975,36.5917223590622,-62.21393256023817,-103965
11.24376340268931,23.83110087723901,-32.08986535617227,-8599
-65.2492161173574,32.6210356722697,-38.05001342697436,80989
-32.533288736442984,1.6919840101806898,66.87671652761185,-3681
76.29096148480247,-35.71604574234874,59.09471269515652,-161022
-90.49987736620363,36.74884546055813,44.8485442723335,-149156
78.00200715924663,81.92493348561243,4.004232606302509,25588
-41.879382865105576,-54.84548198857642,-17.55555939315107,-40323
-6.730012106982471,29.97250706197704,26.925489779622012,-5431
64.52323381663587,69.00462927208267,25.61003169339358,114026
42.796191765789075,66.50899380096993,7.40901469078419,21089
-29.90420551158752,-82.36390067119561,77.29108214230664,190370
-88.69159502555777,47.5491753714563,-29.84318604736916,125855
8.156923257270776,-33.649866392658595,81.60387455526418,-22399
-80.56611774966194,-79.24539001021313,-15.21293643235579,-97127
9.508574644249876,44.57518819987669,-4.396485477789767,-1863
-11.278252784441321,-1.369812209239825,-8.216573328332316,-127
68.64648903492133,-99.73511869060405,45.238962089958164,-309727
-56.81579959716607,-32.905176636839386,-69.34294439585835,-129639
-45.693215524628414,-7.231807034235942,-0.4286236940324102,-142
22.603880296132203,-9.685401604318784,64.11375278603316,-14036
71.94106889766198,96.88936508789578,-79.76371761444562,-555979
-74.03047145870013,77.47665020483726,32.89059009306493,-188648
-45.963833195412505,49.066955442222564,-16.105046362723556,36322
-6.962765888289169,-47.208271333587135,-91.11238486488857,-29949
77.33225059975874,40.63768607963064,29.625448875150653,93101
-13.106256345035774,90.64992918789983,-65.92606108424062,78326
-15.93168537510337,87.47687902453535,47.64957353101778,-66407
-10.34891599288217,-75.85033814586535,29.829497277861293,23415
-3.751792929310028,61.21799581965246,37.629633483205794,-8643
21.889136579733474,36.88006517937029,-67.03286101616695,-54114
15.57129729908766,-54.83976135996469,-0.7636552928408378,652
77.57952833937566,16.838692715713123,-12.041192689007588,-15730
-21.6479657600441,-14.131997495832138,-14.538885001314839,-4448
-64.32927550479297,-0.4019063433853205,-27.927405910498138,-722
52.61575261100364,-34.51942568865137,77.39052233950298,-140562
39.440319148116146,70.05960165260322,-85.01885086954779,-234922
88.23426826419356,42.5979544501362,85.61149278161062,321779
54.68038181526907,-21.6837339783484,69.1920327281077,-82039
51.5506918324146,-77.4112574845914,-94.50354957172911,377126
-17.465680361386518,-61.91248897624055,32.45577010922554,35096
7.9286664973450485,97.43371599717383,-77.83239148856455,-60127
39.26796431818471,20.224967754154477,61.88290752440696,49147
91.62448075654851,78.50708444140483,69.05388801759514,496716
60.08104654733529,-99.27223080220398,51.63889358125516,-307994
-9.34930751039957,92.39574332985444,17.636356884585865,-15235
-31.03268348352786,23.872381071321342,62.55495326955719,-46342
-55.65722020697601,79.43683308720409,-49.12888391701071,217210
55.74141293612067,4.31856343551236,-41.013534448509304,-9873
35.284464338053,-48.28912713074367,39.70091360508724,-67645
-27.58280435784411,-53.120092046406,33.160958045362634,48587
-7.283300871950701,88.12816253822496,16.70600070776686,-10723
-99.11598146652672,-23.510266710063064,22.44933257264468,52312
-82.19787169363602,-39.791727752452324,73.02717550264467,238857
-92.04301950770943,-92.55071462151024,-25.079554690386402,-213644
56.132647852076076,-31.836129139801827,-16.301322308906236,29131
-81.37292150538657,-79.83005433147042,-98.58035856577811,-640378
8.00016073349856,41.75889051201642,-35.54418111382202,-11875
39.75119050645884,-2.5462206061007464,96.2763268762412,-9745
-35.041271785615265,-14.347337913896283,-37.7367136972083,-18972
-38.09230122896277,25.817363693957105,74.57619059993024,-73341
-2.2173292980036194,-54.23893214180238,40.31548103609251,4849
26.184145130574407,12.324492607849564,-64.83936773626164,-20924
-68.8378906248856,35.71864600444971,-64.50327761734994,158600
75.02342026929364,70.95412207157932,-59.35565252796271,-315963
7.912505564096421,73.41142749805837,57.54755533148662,33428
-38.0907824610285,-65.82816305402015,93.3616658226614,234099
-50.336854065921784,-17.610507545751332,-21.262798253290498,-18849
35.431384886132946,70.93522888205251,4.815921926506064,12104
28.922060020742236,-29.04288235553598,-74.6233406245201,62682
-74.30242159285596,-20.23747682120228,-11.526397245241782,-17332
-75.46944916272767,93.27171954075862,-20.678314919200403,145558
-92.80790143860862,-45.72620319469094,-13.497743466839097,-57281
56.49581728634382,-70.92127555289389,-81.67870077060502,327267
-61.39847391550377,-76.8957258254874,-22.218158804928038,-104898
16.312775299570532,-40.13888630267481,-12.368779159861944,8099
23.155815661906345,84.60307261728789,5.886159801444649,11531
51.69464645623751,38.516268763157086,-53.20555227558621,-105937
-48.41849370976099,11.817042564704792,24.659789301165148,-14109
99.13920116214177,23.012933453209186,75.10382576580113,171348
-57.894226148852134,-98.13718224770889,-52.1123557956144,-296080
-5.5632161773755655,83.63476417557158,-21.57840043553405,10040
6.66772973132781,-5.7063492826638935,-84.02256150156865,3197
-43.75323669898306,-98.11470420476248,-68.87054644603103,-295650
-28.800229367182624,7.754006134733871,84.8691440020786,-18953
50.22114377270316,54.909650291630186,-1.2266531749523466,-3383
46.86237229500273,-3.42855482844449,37.50115710877387,-6025
-10.48274843882109,34.78792180732978,6.155671783057045,-2245
-36.082987253048216,96.14673811972335,-3.0306836721067754,10514
77.74052845888627,87.35587646521802,-55.791584588683605,-378886
81.11897754418536,-33.840686324016374,-89.46493226304196,245592
66.37066174549147,83.20375579988985,44.722886720889676,246973
62.265460111292526,-35.265696666599666,2.4776949002569495,-5441
76.70546429071376,62.41777131571365,-89.58394840687008,-428909
22.617056551549197,89.99486338273022,6.544978630765058,13322
-25.003302711364256,83.76511680501434,-83.50102903786201,174885
-68.87098624339829,-61.80029138980281,-98.99882566238244,-421363
-35.32334570939307,28.31588157629693,-35.793707836653184,35801
-83.38270836710812,59.133858759237796,88.79074598173656,-437804
98.95186991901372,31.54791090868153,-51.281925932237016,-160088
36.49969030910515,-58.745466382078185,-70.85975967173428,151937
-12.3882824991626,39.799492259000004,90.98279550705817,-44859
48.588967012586494,-41.78826006094523,-60.803533724250535,123458
-74.02111596975003,78.80499524180215,85.11845119553126,-496516
35.24986610218227,60.215871678467096,-90.53835703893273,-192177
-92.16724514924515,-89.87557866183373,-55.61020169744821,-460652
-43.35111668134448,84.2794487917389,-44.35475699589744,162055
60.32076722068166,37.19527782829391,10.821474524315008,24280
94.53310566770824,-66.18393444265918,8.128587502591415,-50857
-3.4271889462560807,13.708393818456017,-74.07864608554975,3480
87.93979796983916,12.669098203835134,88.37645709290854,98462
92.80972013154633,7.225277509751464,-38.95042071405197,-26119
-53.73666137309496,-77.63640791364297,87.8585392283041,366539
32.24021996897369,-45.92514745319632,-29.391437494736735,43518
-53.63870977580187,95.0077125687269,0.22591007481689473,-1151
-12.82401635522585,-57.31325329587944,-8.562596684483765,-6293
90.60801272885922,27.54992464355898,-68.4839380350534,-170953
55.08114052796745,13.018067230004732,-67.40848744916585,-48335
95.08786226223896,-86.5043653564309,83.0460762721709,-683097
24.14591601063323,-25.674309135419705,73.32766893747981,-45458
73.57279916007633,27.076078343143962,3.861910596641522,7693
-35.56597342050986,23.154230147291543,-48.74036049400405,40138
55.71706905500196,83.99611669382662,-65.75528060568644,-307736
-48.49064514636825,83.71071837618155,-61.70571896502239,250475
19.418290586438758,3.3909052161665016,92.86112630940656,6114
13.144992166730589,3.4794112684830054,13.189745727030527,603
54.17070363358829,-59.362609839145165,67.01503853659767,-215501
12.200429889396887,-57.02198957578082,-83.90252828929981,58370
-71.57676316173718,-42.94050828933764,-70.37086347004696,-216288
19.05304019327228,-37.562370737837725,-92.38347694112123,66117
-62.588393181344685,-87.56920957491245,56.82998987439464,311475
-34.396684257359794,96.94423082646352,-97.97748034556031,326712
13.402945562720035,4.194792089718021,-89.09364587713407,-5009
-59.53270615191275,13.875304042099117,30.259284837618452,-24995
33.694801860436115,-75.18583470312751,12.184346252538106,-30867
-49.20947332979828,-8.542884861225517,-89.65049776778442,-37688
-65.0491296185917,1.725201553370681,-54.902844118748085,6161
9.972705206300091,76.09691014512859,19.928008741874322,15123
-88.95924985278427,48.76134267251663,-99.83969067992086,433082
-45.285910289496556,-31.642264449374096,18.64973050326404,26724
-97.63179793762586,37.93672824222651,-27.626003526333577,102322
-91.78594657337425,-57.32346231633616,-43.482743482200156,-228784
30.42046357014678,88.98403301414041,-59.36888996728005,-160708
53.478250585036136,-55.106109678309245,14.097774859761827,-41546
-77.27695202014374,16.016088050315574,43.89224010037785,-54324
30.502997288222446,-88.26650691369574,76.7593127325751,-206666
-74.89064417323056,64.0574755283017,55.91526126345937,-268243
-75.5075549657819,5.4329094768840775,-58.4449392876313,23976
-25.210230151627513,-54.959571006944245,55.70457157494016,77181
-16.907344745371716,21.20025065317914,-4.378742061811124,1570
-35.65508743236367,16.228955849151276,65.42314128662287,-37857
4.764118167569137,62.819106857171874,70.58372755785587,21124
82.74946553436402,10.707966416434871,72.5127007339066,64252
51.43756524872114,-98.04538997260622,55.33764789841297,-279080
80.02114133565482,99.1200900155273,0.7448198284207166,5908
-29.441786020473515,94.52063662115972,-56.716493745846286,157834
-85.5065408230911,82.25501687839193,-16.59245258772208,116700
94.64370878619064,79.44877271950537,-65.6327518027791,-493514
35.78334471980173,-52.77481948971576,-2.8835431965654976,5445
58.00217438575703,-18.765806314817567,25.098455315239462,-27319
-2.4974999667413584,86.50035482937633,21.859522496037172,-4722
-38.20499771087602,73.58995032530598,80.02306304025842,-224985
59.698815821957965,40.762601793857925,72.88338720002596,177360
-21.694025161287072,-72.41820948475493,-57.20615760626575,-89873
-91.76981877891245,56.394010606332216,-94.6677314395584,489931
26.450156852336363,69.67368619621354,42.72429584957359,78736
-38.833412380393725,46.984677458377945,-38.92897136864193,71029
-24.60551493046941,-47.94160570568848,33.493263362695075,39510
83.26977640622474,11.292968663254527,58.85236896697626,55343
13.139951785335853,76.1427149757744,-69.29806564018722,-69334
80.52804358124638,2.5909739123844133,-45.83560113603764,-9563
-17.618658121302076,-81.26633647518369,-72.50212762207893,-103809
-69.50450571426128,-73.64468286830801,-73.00260510496155,-373674
-65.1289428085386,47.78736777400411,-51.26825502849617,159564
-27.6223941436688,-89.68593628631687,-23.211539420484712,-57503
-0.8633189702380548,48.16960566879581,-73.37899903671807,3052
69.9325177752936,66.53134838440974,60.961526528508216,283636
-32.007478673280005,-28.678387490250984,-54.51485670535787,-50040
76.91485531431499,-78.93436186677769,22.85656066109125,-138767
-75.1496261355178,41.295084196383186,79.23952651109565,-245905
-96.88614875489354,45.01163802465226,-49.90463434066707,217634
11.389518640876275,40.06948826142042,-40.168004618934525,-18332
-14.486910782696398,87.1244153177685,-6.395539589914307,8072
-30.955726329125596,-14.928667726711325,-29.345209923943003,-13561
73.04836695972699,31.593079988084128,-41.066675290595,-94775
61.58955422863477,-65.23421504750794,5.656411163586412,-22726
-39.03036808330922,46.068353513139414,39.04096665293744,-70198
50.391071715198336,-0.7985061484090465,25.82990846688719,-1039
77.55994765802953,-24.750025665318162,84.18454495183326,-161602
-84.50940714037738,-17.642122312182977,-72.29177439167616,-107782
93.98338520264213,-72.95528568589964,-76.96531712047576,527719
-77.39645635116459,-42.05410708322046,-28.005506531188317,-91153
-5.069428890098919,90.89347873804292,-72.00957985397699,33180
12.721937866050197,-68.22337219004609,1.0783916574072805,-936
31.414616417078435,6.156280153707257,21.30964163506306,4121
32.69070927147061,-36.62840378969416,-91.15181249242534,109146
61.06248163445497,-16.056092513943668,-37.08429542967353,36358
-10.99072936108088,41.85897237894139,13.323939978533076,-6130
39.2829493282689,-92.39281472090033,15.294361787214726,-55510
-33.96070585234429,-35.99130230652938,69.92921683878566,85474
-3.8712864238937783,-70.66597911139951,-34.57627430851011,-9459
-51.207727818378636,-38.31646113017175,22.06855247612374,43301
57.53230166504002,-48.314838015304204,-87.34581013409309,242792
58.24116243621904,6.73889197262983,-75.31792959186485,-29561
82.52007306032314,-23.493494123299442,82.29239162670461,-159539
-60.626404579934444,-97.51398956599931,-72.68915697819065,-429733
26.435388972554648,38.81187348702295,-11.799406852994125,-12106
-86.53016313090396,-51.34139998667013,-64.42043407617285,-286193
-9.816962968489179,-66.37813601240026,-86.57570171213318,-56415
14.103011219408984,-33.81728210105584,-7.887459810863945,3762
49.87331994138094,-95.7679257100235,-76.47896726444223,365284
51.12330440675973,77.09263756515762,-80.55753422717349,-317496
12.21752367601492,33.94868741969117,-74.12445779269758,-30745
-82.91282578819472,80.11459296589828,-43.99504778161234,292238
5.008874570589313,-99.44445815061482,-68.09287020396688,33917
55.180456259345476,87.20609189542353,94.6719306023328,455568
